{
	"parent": "block/block",
	"elements": [
		{
			"from": [5, 5, 5],
			"to": [11, 11, 11],
			"shade": false,
			"faces": {
				"north": {"texture": "#0"},
				"east":  {"texture": "#0"},
				"south": {"texture": "#0"},
				"west":  {"texture": "#0"},
				"up":    {"texture": "#0"},
				"down":  {"texture": "#0"}
			}
		}
	],
	"display": {
		"thirdperson_righthand": {
			"translation": [0, 1.5, 0],
			"scale": [0.5, 0.5, 0.5]
		},
		"thirdperson_lefthand": {
			"translation": [0, 1.5, 0],
			"scale": [0.5, 0.5, 0.5]
		},
		"firstperson_righthand": {
			"scale": [0.75, 0.75, 0.75]
		},
		"firstperson_lefthand": {
			"scale": [0.75, 0.75, 0.75]
		},
		"ground": {
			"translation": [0, 3, 0],
			"scale": [0.5, 0.5, 0.5]
		},
		"gui": {
			"rotation": [30, -135, 0],
			"scale": [1.4, 1.4, 1.4]
		},
		"head": {
			"scale": [2.5, 2.5, 2.5]
		},
		"fixed": {
			"scale": [1.4, 1.4, 1.4]
		}
	}
}
